town,flat_type,transactions_all_period,median_resale_price_all_period,median_price_per_sqm_all_period,transaction_value_all_period,transaction_value_billion_all_period,transactions_2025,median_price_per_sqm_2025,transaction_value_2025,transactions_2024,median_price_per_sqm_2024,transaction_growth_pct,price_growth_pct,segment,annual_sample_ok
ANG MO KIO,3 ROOM,5102,350000.0,4903.275,1832567328.0,1.832567328,535.0,6189.53,243380138.0,571.0,5820.9,-6.304728546409811,6.332869487536286,ANG MO KIO — 3 ROOM,True
ANG MO KIO,4 ROOM,2798,515000.0,5543.48,1596732782.76,1.59673278276,282.0,6368.635,195248411.88,308.0,6097.83,-8.441558441558438,4.4410060628125025,ANG MO KIO — 4 ROOM,True
ANG MO KIO,5 ROOM,1440,745000.0,6200.0,1108614961.76,1.10861496176,123.0,7091.5,115149884.0,144.0,6672.32,-14.583333333333337,6.28237254807924,ANG MO KIO — 5 ROOM,True
BEDOK,3 ROOM,5094,340000.0,4939.02,1786031554.0,1.786031554,498.0,6323.53,223772845.0,536.0,5846.15,-7.0895522388059735,8.165715898497306,BEDOK — 3 ROOM,True
BEDOK,4 ROOM,4342,488000.0,5225.95,2280569142.0,2.280569142,447.0,6373.63,292198187.0,452.0,5954.450000000001,-1.106194690265483,7.039776973523981,BEDOK — 4 ROOM,True
BEDOK,5 ROOM,2239,638000.0,5294.12,1475302856.0,1.475302856,178.0,6333.610000000001,139004067.0,252.0,6199.175,-29.36507936507936,2.1685950146592248,BEDOK — 5 ROOM,True
BEDOK,EXECUTIVE,611,820000.0,5592.11,508531779.0,0.508531779,59.0,6760.56,60441904.0,61.0,6630.14,-3.2786885245901676,1.9670776182705074,BEDOK — EXECUTIVE,True
BISHAN,4 ROOM,2006,613944.0,6250.0,1277706580.0,1.27770658,178.0,7965.37,139779020.0,187.0,7641.51,-4.8128342245989275,4.238167587296227,BISHAN — 4 ROOM,True
BISHAN,5 ROOM,1234,823500.0,6677.69,1055449793.76,1.05544979376,98.0,8256.77,103316872.0,105.0,7851.24,-6.666666666666665,5.165171361466481,BISHAN — 5 ROOM,True
BUKIT BATOK,3 ROOM,2994,348000.0,5068.49,1043513905.0,1.043513905,338.0,6095.89,146718619.0,428.0,5798.55,-21.028037383177566,5.12783368255858,BUKIT BATOK — 3 ROOM,True
BUKIT BATOK,4 ROOM,4349,515000.0,5297.62,2262246467.0,2.262246467,548.0,6659.42,339729910.0,810.0,6451.61,-32.34567901234568,3.2210564494754124,BUKIT BATOK — 4 ROOM,True
BUKIT BATOK,5 ROOM,1800,720000.0,6074.38,1251915806.76,1.25191580676,267.0,7123.89,214560101.0,305.0,6562.5,-12.459016393442624,8.554514285714298,BUKIT BATOK — 5 ROOM,True
BUKIT BATOK,EXECUTIVE,758,728000.0,4975.799999999999,554749901.75,0.55474990175,72.0,5866.67,63200792.0,75.0,5777.03,-4.0000000000000036,1.5516623593784473,BUKIT BATOK — EXECUTIVE,True
BUKIT MERAH,3 ROOM,3230,383444.0,5810.645,1420413219.88,1.4204132198800001,349.0,6584.62,181673088.0,378.0,6226.49,-7.671957671957674,5.751715653602596,BUKIT MERAH — 3 ROOM,True
BUKIT MERAH,4 ROOM,3574,760000.0,8178.0,2688121779.88,2.68812177988,383.0,10107.53,340761667.0,433.0,9677.42,-11.547344110854507,4.444469703702025,BUKIT MERAH — 4 ROOM,True
BUKIT MERAH,5 ROOM,1931,848000.0,7163.64,1670989305.88,1.67098930588,167.0,9126.98,178394702.0,183.0,8228.35,-8.743169398907103,10.921144579411424,BUKIT MERAH — 5 ROOM,True
BUKIT PANJANG,3 ROOM,1038,350000.0,5044.78,376325717.0,0.376325717,101.0,6562.5,46839904.0,119.0,5753.42,-15.126050420168069,14.062592336384272,BUKIT PANJANG — 3 ROOM,True
BUKIT PANJANG,4 ROOM,3956,460000.0,4854.37,1854098594.8,1.8540985948,383.0,6131.87,225258276.0,370.0,5644.799999999999,3.513513513513522,8.628649376417252,BUKIT PANJANG — 4 ROOM,True
BUKIT PANJANG,5 ROOM,2489,570000.0,4917.36,1440189751.0,1.440189751,209.0,6318.18,152492066.0,275.0,5709.09,-24.0,10.668775584199942,BUKIT PANJANG — 5 ROOM,True
BUKIT PANJANG,EXECUTIVE,870,700000.0,5017.125,612736567.88,0.61273656788,80.0,5958.9,69955551.0,85.0,5985.71,-5.882352941176472,-0.4479000820287071,BUKIT PANJANG — EXECUTIVE,True
CENTRAL AREA,3 ROOM,760,448000.0,7000.0,342503123.0,0.342503123,74.0,8386.58,38977628.0,81.0,7678.57,-8.64197530864198,9.220597064297142,CENTRAL AREA — 3 ROOM,True
CENTRAL AREA,4 ROOM,750,841500.0,9293.04,645290004.0,0.645290004,68.0,13107.27,73358040.0,67.0,9390.24,1.4925373134328401,39.58397229463784,CENTRAL AREA — 4 ROOM,True
CHOA CHU KANG,3 ROOM,710,368444.0,5280.82,259334317.19,0.25933431719,60.0,7096.245,28042008.0,85.0,5863.01,-29.411764705882348,21.034161633700087,CHOA CHU KANG — 3 ROOM,True
CHOA CHU KANG,4 ROOM,5215,470000.0,4722.22,2377328811.0,2.377328811,481.0,5500.0,268899355.0,654.0,5182.555,-26.452599388379205,6.125260609872929,CHOA CHU KANG — 4 ROOM,True
CHOA CHU KANG,5 ROOM,3652,550000.0,4618.18,1968480799.0,1.968480799,376.0,5440.785,249126072.0,407.0,5163.93,-7.616707616707618,5.361323643039295,CHOA CHU KANG — 5 ROOM,True
CHOA CHU KANG,EXECUTIVE,1063,630000.0,4366.2,692846473.1,0.6928464731,97.0,5699.3,79770160.0,127.0,5387.32,-23.62204724409449,5.791005546357009,CHOA CHU KANG — EXECUTIVE,True
CLEMENTI,3 ROOM,2423,370000.0,5337.84,945650999.0,0.945650999,243.0,6119.4,108962051.0,270.0,5820.9,-9.999999999999998,5.128072978405407,CLEMENTI — 3 ROOM,True
CLEMENTI,4 ROOM,1964,628444.0,6729.365,1293882829.76,1.29388282976,209.0,9380.0,172804274.88,201.0,7163.46,3.9800995024875663,30.942310001033025,CLEMENTI — 4 ROOM,True
CLEMENTI,5 ROOM,691,798000.0,6684.3,583220809.76,0.58322080976,84.0,8933.134999999998,87338017.76,66.0,7182.54,27.27272727272727,24.372923784622124,CLEMENTI — 5 ROOM,True
GEYLANG,3 ROOM,2698,320000.0,5225.705,951328896.88,0.95132889688,305.0,6153.85,132065524.0,306.0,6000.0,-0.32679738562091387,2.5641666666666785,GEYLANG — 3 ROOM,True
GEYLANG,4 ROOM,2142,601944.0,6402.860000000001,1347044575.66,1.34704457566,227.0,7230.77,173298245.88,248.0,8914.775,-8.467741935483875,-18.890044897375414,GEYLANG — 4 ROOM,True
GEYLANG,5 ROOM,702,751444.0,6139.24,536725792.0,0.536725792,71.0,6709.4,62441516.0,61.0,6727.86,16.393442622950815,-0.2743814526461663,GEYLANG — 5 ROOM,True
HOUGANG,3 ROOM,2552,365000.0,5379.27,944368511.0,0.944368511,326.0,6582.71,149406431.0,308.0,6176.47,5.844155844155852,6.577219674020918,HOUGANG — 3 ROOM,True
HOUGANG,4 ROOM,5487,495000.0,5145.63,2769117748.76,2.7691177487600003,597.0,6488.1,376179563.0,671.0,6021.51,-11.028315946348732,7.748720835803646,HOUGANG — 4 ROOM,True
HOUGANG,5 ROOM,2592,622000.0,5164.465,1625238142.0,1.625238142,231.0,6446.28,180115540.0,288.0,6083.33,-19.791666666666664,5.966304639071041,HOUGANG — 5 ROOM,True
HOUGANG,EXECUTIVE,1231,780000.0,5346.41,974105778.76,0.97410577876,94.0,6681.68,93172708.0,144.0,6377.205,-34.72222222222222,4.774427041313567,HOUGANG — EXECUTIVE,True
JURONG EAST,3 ROOM,1697,348000.0,4864.86,586703614.0,0.586703614,182.0,5925.37,76189180.0,230.0,5602.3,-20.869565217391305,5.766738660907111,JURONG EAST — 3 ROOM,True
JURONG EAST,4 ROOM,1444,460444.0,4810.44,672299807.0,0.672299807,144.0,5706.6849999999995,80718220.0,171.0,5384.62,-15.789473684210531,5.981202016112541,JURONG EAST — 4 ROOM,True
JURONG EAST,5 ROOM,1142,600000.0,4876.03,672642210.0,0.67264221,102.0,5681.695,71135717.0,117.0,5416.67,-12.82051282051282,4.892766219836164,JURONG EAST — 5 ROOM,True
JURONG WEST,3 ROOM,3043,315000.0,4726.03,990600723.87,0.99060072387,353.0,5616.44,141589052.0,397.0,5422.54,-11.083123425692698,3.575815023955564,JURONG WEST — 3 ROOM,True
JURONG WEST,4 ROOM,5878,450000.0,4575.47,2651667385.88,2.65166738588,609.0,5631.07,338360775.0,764.0,5263.16,-20.287958115183248,6.990287203885126,JURONG WEST — 4 ROOM,True
JURONG WEST,5 ROOM,4903,523888.0,4510.95,2595909022.64,2.59590902264,460.0,5454.55,297111387.0,565.0,5169.49,-18.58407079646017,5.514277036999782,JURONG WEST — 5 ROOM,True
JURONG WEST,EXECUTIVE,1616,630000.0,4500.0,1031063642.88,1.03106364288,139.0,5763.89,110163132.0,170.0,5372.3099999999995,-18.23529411764706,7.288857121052228,JURONG WEST — EXECUTIVE,True
KALLANG/WHAMPOA,3 ROOM,3121,365000.0,5588.24,1290059525.88,1.29005952588,330.0,6796.825,165417176.0,415.0,6271.19,-20.481927710843372,8.381742540092073,KALLANG/WHAMPOA — 3 ROOM,True
KALLANG/WHAMPOA,4 ROOM,2714,700000.0,7566.23,1948282573.64,1.94828257364,317.0,9644.44,275037046.0,375.0,9516.13,-15.466666666666661,1.3483422357618124,KALLANG/WHAMPOA — 4 ROOM,True
KALLANG/WHAMPOA,5 ROOM,1194,798444.0,6686.235,979781057.0,0.979781057,117.0,7900.72,117640596.0,111.0,7463.77,5.405405405405395,5.854280075618612,KALLANG/WHAMPOA — 5 ROOM,True
MARINE PARADE,3 ROOM,711,415000.0,6123.08,297172449.0,0.297172449,86.0,7142.715,41767820.0,78.0,6724.495,10.256410256410264,6.219351787755079,MARINE PARADE — 3 ROOM,True
PASIR RIS,4 ROOM,2738,510000.0,4909.88,1415272749.0,1.415272749,248.0,5981.31,161553206.0,279.0,5619.05,-11.111111111111116,6.44699726822151,PASIR RIS — 4 ROOM,True
PASIR RIS,5 ROOM,2175,590000.0,4671.53,1297649269.0,1.297649269,204.0,5811.06,150712170.0,195.0,5557.38,4.615384615384621,4.564740939075618,PASIR RIS — 5 ROOM,True
PASIR RIS,EXECUTIVE,1768,725250.0,4930.56,1308312248.88,1.30831224888,144.0,6295.610000000001,133202904.88,186.0,5854.745,-22.580645161290324,7.530046142060853,PASIR RIS — EXECUTIVE,True
PUNGGOL,2 ROOM,563,338888.0,7391.3,185228494.0,0.185228494,76.0,8417.689999999999,29391964.0,84.0,7872.34,-9.523809523809524,6.927419293373993,PUNGGOL — 2 ROOM,True
PUNGGOL,3 ROOM,1850,440000.0,6492.54,816678596.0,0.816678596,203.0,7983.65,110462135.0,259.0,7461.54,-21.62162162162162,6.997349072711523,PUNGGOL — 3 ROOM,True
PUNGGOL,4 ROOM,9170,530000.0,5706.52,4991252367.88,4.9912523678800005,775.0,7340.21,530611567.0,1005.0,6929.35,-22.885572139303477,5.929271865326458,PUNGGOL — 4 ROOM,True
PUNGGOL,5 ROOM,5429,615000.0,5517.24,3345052179.54,3.34505217954,456.0,6637.17,347105621.0,646.0,6452.445,-29.411764705882348,2.862868261565965,PUNGGOL — 5 ROOM,True
QUEENSTOWN,3 ROOM,2872,378000.0,5800.0,1235859429.76,1.23585942976,264.0,6616.165,136717797.88,338.0,6165.264999999999,-21.893491124260358,7.313554243004972,QUEENSTOWN — 3 ROOM,True
QUEENSTOWN,4 ROOM,2600,810000.0,8950.96,2111228325.0,2.111228325,250.0,10783.955,242815552.0,273.0,10054.35,-8.424908424908429,7.256610322895063,QUEENSTOWN — 4 ROOM,True
QUEENSTOWN,5 ROOM,836,907500.0,7812.3150000000005,789509709.88,0.78950970988,65.0,10454.55,77575208.0,69.0,8891.89,-5.797101449275366,17.57399158109243,QUEENSTOWN — 5 ROOM,True
SEMBAWANG,3 ROOM,552,460000.0,6838.24,248842040.0,0.24884204,113.0,7647.06,59559280.0,111.0,7132.35,1.8018018018018056,7.216555553218784,SEMBAWANG — 3 ROOM,True
SEMBAWANG,4 ROOM,3355,520000.0,5537.63,1680434764.88,1.6804347648800002,545.0,6720.43,342294739.0,485.0,6182.8,12.371134020618557,8.695574820469698,SEMBAWANG — 4 ROOM,True
SEMBAWANG,5 ROOM,2164,538000.0,4796.395,1178323792.0,1.178323792,325.0,5900.9,225885421.0,256.0,5454.55,26.953125,8.183076514102904,SEMBAWANG — 5 ROOM,True
SEMBAWANG,EXECUTIVE,746,552000.0,4165.395,435243167.0,0.435243167,77.0,5725.19,57614016.0,71.0,5294.12,8.450704225352123,8.142429714475675,SEMBAWANG — EXECUTIVE,True
SENGKANG,2 ROOM,515,330000.0,7040.17,164826500.0,0.1648265,90.0,8273.494999999999,34358328.0,65.0,7800.0,38.46153846153846,6.0704487179487066,SENGKANG — 2 ROOM,True
SENGKANG,3 ROOM,1395,418000.0,6102.94,592498505.0,0.592498505,153.0,7983.65,82881520.0,171.0,7313.43,-10.526315789473683,9.164236206540565,SENGKANG — 3 ROOM,True
SENGKANG,4 ROOM,9666,503000.0,5434.78,4995699495.75,4.99569949575,940.0,7000.0,619353598.99,1040.0,6630.43,-9.615384615384615,5.573846643430369,SENGKANG — 4 ROOM,True
SENGKANG,5 ROOM,6592,568000.0,5044.25,3809517111.88,3.80951711188,642.0,6208.110000000001,468956769.0,717.0,5830.87,-10.460251046025103,6.469703491931744,SENGKANG — 5 ROOM,True
SENGKANG,EXECUTIVE,1200,628000.0,4793.1,792882235.0,0.792882235,80.0,6382.3,66914568.0,125.0,5923.08,-36.0,7.7530609075008305,SENGKANG — EXECUTIVE,True
SERANGOON,3 ROOM,936,368000.0,5625.0,349225762.0,0.349225762,94.0,7159.015,43774828.0,96.0,6531.25,-2.083333333333337,9.611712918660299,SERANGOON — 3 ROOM,True
SERANGOON,4 ROOM,1858,525000.0,5684.945,1002800765.0,1.002800765,186.0,7085.62,126800027.0,197.0,6703.3,-5.58375634517766,5.703459490101892,SERANGOON — 4 ROOM,True
SERANGOON,5 ROOM,763,668000.0,5475.41,509973455.0,0.509973455,65.0,6611.57,54504992.0,88.0,6300.495,-26.136363636363637,4.937310481160595,SERANGOON — 5 ROOM,True
SERANGOON,EXECUTIVE,630,855000.0,5818.76,537725254.88,0.53772525488,56.0,7177.525,60166992.0,58.0,6621.0,-3.4482758620689613,8.405452348587827,SERANGOON — EXECUTIVE,True
TAMPINES,3 ROOM,3436,395000.0,5540.54,1400101435.0,1.400101435,352.0,6810.96,180242474.0,421.0,6333.33,-16.389548693586697,7.5415302850159405,TAMPINES — 3 ROOM,True
TAMPINES,4 ROOM,6892,535000.0,5376.34,3783768236.0,3.783768236,892.0,6652.17,611278658.0,867.0,6224.86,2.8835063437139485,6.864572054632556,TAMPINES — 4 ROOM,True
TAMPINES,5 ROOM,4460,645000.0,5211.1,2958694286.88,2.95869428688,509.0,6585.37,419692050.88,506.0,5893.445,0.5928853754940677,11.740586363324002,TAMPINES — 5 ROOM,True
TAMPINES,EXECUTIVE,1655,780000.0,5273.97,1312087235.0,1.312087235,154.0,6564.695,150672320.0,150.0,6232.635,2.6666666666666616,5.327762655762758,TAMPINES — EXECUTIVE,True
TOA PAYOH,3 ROOM,3425,333000.0,5000.0,1250340806.88,1.2503408068800002,424.0,6000.0,203977388.0,366.0,5715.355,15.846994535519121,4.980355550967541,TOA PAYOH — 3 ROOM,True
TOA PAYOH,4 ROOM,2638,715000.0,7540.955,1907286232.68,1.90728623268,423.0,10752.69,386183221.0,299.0,9523.81,41.47157190635451,12.903239354838036,TOA PAYOH — 4 ROOM,True
TOA PAYOH,5 ROOM,1396,855000.0,7195.8150000000005,1220207763.0,1.220207763,172.0,8215.205000000002,183383251.0,108.0,8172.815,59.25925925925925,0.5186707395187895,TOA PAYOH — 5 ROOM,True
WOODLANDS,3 ROOM,2072,330000.0,4846.15,710715731.0,0.710715731,201.0,6164.38,88201056.0,271.0,5821.92,-25.830258302583033,5.882251903152236,WOODLANDS — 3 ROOM,True
WOODLANDS,4 ROOM,7715,443000.0,4611.11,3432545189.64,3.43254518964,836.0,5715.139999999999,472156931.88,882.0,5494.51,-5.215419501133789,4.015462707320561,WOODLANDS — 4 ROOM,True
WOODLANDS,5 ROOM,5171,530000.0,4449.15,2741687114.0,2.741687114,515.0,5558.17,346426099.0,626.0,5315.3099999999995,-17.73162939297125,4.569065586014753,WOODLANDS — 5 ROOM,True
WOODLANDS,EXECUTIVE,1833,725000.0,4655.17,1350867070.6,1.3508670705999999,155.0,6016.41,142710098.6,214.0,5681.82,-27.570093457943923,5.888782115589719,WOODLANDS — EXECUTIVE,True
YISHUN,3 ROOM,4412,350000.0,5067.57,1551116682.0,1.551116682,472.0,6406.25,210497333.0,477.0,6074.63,-1.0482180293501009,5.459097920367162,YISHUN — 3 ROOM,True
YISHUN,4 ROOM,7913,448000.0,4782.61,3569729549.88,3.56972954988,825.0,6043.96,467228763.0,894.0,5773.81,-7.718120805369133,4.678886212050615,YISHUN — 4 ROOM,True
YISHUN,5 ROOM,2724,585500.0,4917.695,1586657528.0,1.586657528,266.0,6051.375,190666431.0,311.0,5655.74,-14.469453376205788,6.99528266858096,YISHUN — 5 ROOM,True
YISHUN,EXECUTIVE,767,715000.0,4726.03,554437181.88,0.55443718188,67.0,6156.53,62998492.0,90.0,5821.92,-25.555555555555554,5.7474166597960785,YISHUN — EXECUTIVE,True
